run,kind,recovery,rows,data_mb,index_mb,model_mb,log_mb,ratio,reserved_mb,structure_s,load_s,indexes_s,rollback_s,tempdb_mb
b_lob2e4_full_r2,trial,FULL,4820014,2922.439,154.444,5999.321,5096.432,0.850,106.363,71.458,41.558,29.532,34.982,1435
b_thin4e6_full,trial,FULL,4000032,440.918,0.115,881.951,830.924,0.942,9.739,14.628,3.870,10.125,30.497,301
b_wide2e5_full,trial,FULL,4200014,854.172,25.289,1733.632,1679.305,0.969,15.729,21.513,2.158,18.354,28.655,117
b_wide8e5_full,trial,FULL,4800014,2094.039,146.563,4334.641,4234.863,0.977,37.472,62.493,34.440,27.739,23.445,859
n1e4_full,trial,FULL,10061,5.235,10.240,20.709,21.122,1.020,1.080,0.497,0.019,0.158,4.860,545
n1e4_simple,trial,SIMPLE,10061,5.235,10.240,20.709,0.470,0.023,5.504,7.883,0.022,7.746,4.337,347
n1e5_full,trial,FULL,100047,52.429,101.171,206.029,217.305,1.055,10.956,29.071,16.032,12.300,7.350,310
n1e5_simple,trial,SIMPLE,100047,52.429,101.171,206.029,5.080,0.025,80.049,5.774,0.469,4.278,10.823,301
n1e6_full,trial,FULL,1000047,573.080,1127.096,2273.255,2070.582,0.911,50.487,36.049,1.862,33.783,31.981,360
n1e6_simple,trial,SIMPLE,1000047,573.080,1127.096,2273.255,10.314,0.005,451.659,87.445,1.445,85.460,7.473,325
n3e6_full,trial,FULL,3000047,1660.150,3228.410,6548.709,6208.857,0.948,148.259,232.739,4.942,225.729,91.531,1013
n3e6_simple,trial,SIMPLE,3000047,1660.150,3228.410,6548.709,34.430,0.005,601.135,100.854,5.779,94.640,4.094,671
t_r15_apply_full,apply,FULL,700061,365.036,695.894,1425.965,1476.111,1.035,38.492,68.936,20.956,47.750,,119
t_r16_rehearse_full,rehearse,FULL,700061,365.036,695.894,1425.965,1493.060,1.047,39.559,0.000,0.000,0.000,,627
bsp_probe__InfoRg2133X1,"probe (real table, rolled back)",FULL,98,21.406,0.000,42.811,22.228,0.519,2.572,0.100,0.100,0.000,0.100,
bsp_probe__InfoRg5222,"probe (real table, rolled back)",FULL,64277,10.019,21.119,41.157,36.842,0.895,2.047,1.100,0.700,0.400,0.100,
bsp_probe__InfoRg5253,"probe (real table, rolled back)",FULL,8320,22.684,0.000,45.367,37.191,0.820,1.590,1.100,1.000,0.100,0.100,
bsp_probe__InfoRg5906,"probe (real table, rolled back)",FULL,37263,16.663,4.473,37.798,38.480,1.018,2.675,1.000,0.300,0.700,0.100,
bsp_probe__InfoRg6498,"probe (real table, rolled back)",FULL,36641,17.129,8.782,43.041,39.931,0.928,2.698,1.800,1.100,0.700,0.100,
bsp_probe__Reference6358,"probe (real table, rolled back)",FULL,3,14.369,0.082,28.819,15.052,0.522,1.796,0.000,0.000,0.000,0.000,
t_probe_reference20,"probe (real table, rolled back)",FULL,700014,250.282,461.234,961.798,964.101,1.002,19.514,20.200,5.400,14.800,3.400,
