seq	t_s	spid	tx	op	table	name	name2	partno	rows	size	payload_bytes	payload_sha256	group	src	note
117	17.530	80	3149592718	DELETE	ConfigSave								G0051		
117	17.530	80	3149592718	INSERT	ConfigSave	FileName							G0051	Config:(N'root', N'version'	copy
117	17.530	80	3149592718	INSERT	ConfigSave	313d9858-3995-4a4c-b2b0-15d2350417b4							G0051	Config:313d9858-3995-4a4c-b2b0-15d2350417b4	copy
117	17.530	80	3149592718	INSERT	ConfigSave	313d9858-3995-4a4c-b2b0-15d2350417b4.0							G0051	Config:313d9858-3995-4a4c-b2b0-15d2350417b4.0	copy
117	17.530	80	3149592718	INSERT	ConfigSave	versions							G0051	Config:versions	copy
130	20.446	111	3149606340	INSERT									G0052		
130	20.446	111	3149606340	INSERT									G0052		
130	20.446	111	3149606340	INSERT									G0052		
130	20.446	111	3149606340	INSERT									G0052		
130	20.446	111	3149606340	INSERT									G0052		
130	20.446	111	3149606340	INSERT									G0052		
130	20.446	111	3149606340	INSERT									G0052		
130	20.446	111	3149606340	INSERT									G0052		
130	20.446	111	3149606340	INSERT									G0052		
130	20.446	111	3149606340	INSERT									G0052		
130	20.446	111	3149606340	INSERT	Config	313d9858-3995-4a4c-b2b0-15d2350417b4_dynupdate_4832dd20-0b9e-45e3-a3e7-095525bf9b3f							G0052	ConfigSave:313d9858-3995-4a4c-b2b0-15d2350417b4	copy
130	20.446	111	3149606340	INSERT	Config	313d9858-3995-4a4c-b2b0-15d2350417b4_dynupdate_4832dd20-0b9e-45e3-a3e7-095525bf9b3f.0							G0052	ConfigSave:313d9858-3995-4a4c-b2b0-15d2350417b4.0	copy
130	20.446	111	3149606340	DELETE	Config	root		=0;					G0052		
130	20.446	111	3149606340	INSERT	Config	root							G0052	ConfigSave:root	copy
130	20.446	111	3149606340	DELETE	Config	version		=0;					G0052		
130	20.446	111	3149606340	INSERT	Config	version							G0052	ConfigSave:version	copy
130	20.446	111	3149606340	INSERT	Config	versions_dynupdate_4832dd20-0b9e-45e3-a3e7-095525bf9b3f							G0052	ConfigSave:versions	copy
130	20.446	111	3149606340	DELETE	ConfigSave								G0052		
130	20.446	111	3149606340	INSERT									G0052		
130	20.446	111	3149606340	INSERT									G0052		
130	20.446	111	3149606340	INSERT									G0052		
130	20.446	111	3149606340	INSERT									G0052		
130	20.446	111	3149606340	INSERT									G0052		
