kind	object	property	from	to	native acted
AccountingRegister	_ДемоЖурналПроводокБухгалтерскогоУчета	IncludeHelpInContents	true	false	no
AccountingRegister	_ДемоЖурналПроводокБухгалтерскогоУчетаБезКорреспонденции	UseStandardCommands	true	false	no
AccumulationRegister	_ДемоОборотыПоСчетамНаОплату	RegisterType	Turnovers	Balance	yes
AccumulationRegister	_ДемоОстаткиТоваровВМестахХранения	UseStandardCommands	true	false	no
BusinessProcess	_ДемоЗаданиеСРолевойАдресацией	DefaultObjectForm	BusinessProcess._ДемоЗаданиеСРолевойАдресацией.Form.ФормаБиз	BusinessProcess.Задание.Form.ФормаБизнесПроцесса	no
BusinessProcess	Задание	UseStandardCommands	true	false	no
CalculationRegister	_ДемоОсновныеНачисления	UseStandardCommands	true	false	no
Catalog	_ДемоДоговорыКонтрагентов	Autonumbering	true	false	no
Catalog	СообщенияСистемы	CheckUnique	true	false	no
Catalog	ЭкземплярыСервераDSS	ChoiceHistoryOnInput	Auto	DontUse	no
Catalog	КлючевыеОперации	ChoiceMode	BothWays	FromForm	no
Catalog	ПрограммыЭлектроннойПодписиИШифрования	CodeAllowedLength	Variable	Fixed	yes
Catalog	ТелефонныйЗвонокПрисоединенныеФайлы	CodeSeries	WholeCatalog	WithinOwnerSubordination	yes
Catalog	_ДемоКонтрагенты	CodeType	String	Number	yes
Catalog	ЯзыкиПечатныхФорм	Comment	АПК:1206	АПК:413 - №744.2.1.1 Допустимо не отключать историю выбора, 	no
Catalog	_ДемоОрганизацииПрисоединенныеФайлы	CreateOnInput	DontUse	Use	no
Catalog	Валюты	DataHistory	DontUse	Use	yes
Catalog	_ДемоКассы	DataLockControlMode	Managed	Automatic	no
Catalog	ГруппыДоступа	DefaultChoiceForm	Catalog.ГруппыДоступа.Form.ФормаСписка	Catalog._ДемоБанковскиеСчета.Form.ФормаВыбора	no
Catalog	ПрофилиГруппДоступа	DefaultFolderChoiceForm	Catalog.ПрофилиГруппДоступа.Form.ФормаВыбораГруппы	Catalog._ДемоКонтрагенты.Form.ФормаВыбора	no
Catalog	КлассификаторБанков	DefaultFolderForm	Catalog.КлассификаторБанков.Form.ФормаГруппы	Catalog._ДемоКонтрагенты.Form.ФормаГруппы	no
Catalog	ПравилаОбработкиЭлектроннойПочты	DefaultListForm	Catalog.ПравилаОбработкиЭлектроннойПочты.Form.ФормаСписка	Catalog._ДемоБанковскиеСчета.Form.ФормаСписка	no
Catalog	ЗначенияСвойствОбъектов	DefaultObjectForm	Catalog.ЗначенияСвойствОбъектов.Form.ФормаЭлемента	Catalog._ДемоБанковскиеСчета.Form.ФормаЭлемента	no
Catalog	ПодписантыСервисаМобильнойПодписи	DefaultPresentation	AsDescription	AsCode	no
Catalog	СтраныМира	EditType	BothWays	InDialog	no
Catalog	ВариантыОтветовАнкет	ExecuteAfterWriteDataHistoryVersionProcessing	false	true	no
Catalog	_ДемоМестаХранения	FoldersOnTop	true	false	yes
Catalog	_ДемоПодразделения	FullTextSearch	DontUse	Use	no
Catalog	ОбработчикиОчередиЗаданий	Hierarchical	false	true	yes
Catalog	СеансыОбменовДанными	HierarchyType	HierarchyFoldersAndItems	HierarchyOfItems	no
Catalog	_ДемоСчетНаОплатуПокупателюПрисоединенныеФайлы	IncludeHelpInContents	false	true	no
Catalog	ПроизводственныеКалендари	LimitLevelCount	false	true	no
Catalog	ВопросыШаблонаАнкеты	PredefinedDataUpdate	Auto	DontAutoUpdate	no
Catalog	СостоянияОригиналовПервичныхДокументов	QuickChoice	false	true	no
Catalog	ГруппыПользователей	SearchStringModeOnInputByString	Begin	AnyPart	no
Catalog	Календари	UpdateDataHistoryImmediatelyAfterWrite	false	true	no
Catalog	ЭлектронноеПисьмоВходящееПрисоединенныеФайлы	UseStandardCommands	false	true	no
ChartOfAccounts	_ДемоОсновной	UseStandardCommands	true	false	no
ChartOfCalculationTypes	_ДемоОсновныеНачисления	UseStandardCommands	true	false	no
ChartOfCharacteristicTypes	ВопросыДляАнкетирования	CodeAllowedLength	Variable	Fixed	yes
ChartOfCharacteristicTypes	_ДемоВидыСубконто	FoldersOnTop	true	false	yes
ChartOfCharacteristicTypes	РазделыДатЗапретаИзменения	Hierarchical	false	true	yes
ChartOfCharacteristicTypes	ОбъектыАдресацииЗадач	IncludeHelpInContents	true	false	no
ChartOfCharacteristicTypes	ДополнительныеРеквизитыИСведения	UseStandardCommands	true	false	no
CommandGroup	СинхронизацияДанных	Category	FormCommandBar	ActionsPanel	no
CommandGroup	Органайзер	Representation	Picture	Auto	no
CommonAttribute	НаименованиеЯзык1	ExtendedEdit	false	true	no
CommonAttribute	КомментарийЯзык1	FillFromFillingValue	false	true	no
CommonAttribute	ОтредактированныеПредопределенныеРеквизиты	MarkNegatives	false	true	no
CommonAttribute	ОбластьДанныхОсновныеДанные	MultiLine	false	true	no
CommonAttribute	НаименованиеЯзык2	PasswordMode	false	true	no
CommonCommand	ЗадачиПоПредмету	Comment	Задачи, созданные на основании выбранного предмета	Для целей тестирования	no
CommonCommand	ОтправитьПисьмо	Group	CommandGroup.Органайзер	NavigationPanelOrdinary	no
CommonCommand	_ДемоОстаткиТоваровВМестахХранения	IncludeHelpInContents	false	true	no
CommonCommand	_ДемоДополнительныеОтчетыИнтегрируемыеПодсистемы	ModifiesData	false	true	no
CommonCommand	НастройкиПодключения	ParameterUseMode	Single	Multiple	no
CommonCommand	ДополнительныеОбработкиАдминистрирование	Representation	Auto	PictureAndText	no
CommonForm	Сертификат	Comment	Данные сертификата ключа	АПК:1332 - используются самые частотные шрифты	no
CommonForm	ЭлектроннаяПодпись	IncludeHelpInContents	false	true	no
CommonForm	НастройкаКолонтитулов	UseStandardCommands	true	false	no
CommonModule	ВыгрузкаЗагрузкаОбластейДанных	ClientManagedApplication	false	true	no
CommonModule	СервисКриптографииDSSКлиент	ClientOrdinaryApplication	true	false	no
CommonModule	ФайловаяСистемаСлужебныйКлиент	Comment	АПК:1348 Реализация стандартных функций модуля ФайловаяСисте	Всегда на сервере	no
CommonModule	ОбменДаннымиXDTOСервер	ExternalConnection	true	false	no
CommonModule	ИнтерфейсODataПереопределяемый	Global	false	true	no
CommonModule	ПоискИУдалениеДублейКлиент	Privileged	false	true	no
CommonModule	СообщенияКонтрольРезервногоКопированияОбработчикТрансляции_1_0_2_1	ReturnValuesReuse	DontUse	DuringSession	no
CommonModule	КонтрольВеденияУчетаКлиент	Server	false	true	no
CommonModule	ДлительныеОперации	ServerCall	false	true	no
CommonPicture	ЗаявлениеНаВыпускСертификатаКлюча	AvailabilityForAppearance	false	true	no
CommonPicture	ПроверкаСертификатаПредупреждение	AvailabilityForChoice	false	true	no
CommonPicture	АнализДанных48	Comment	 АПК:1343 Копия картинки другой библиотеки	Коллекция видов активных пользователей	no
CommonTemplate	ПустойМакетDOCX	Comment	АПК:497 макет не требует перевода	АПК:497 - содержание макета html-страница	no
CommonTemplate	СоответствиеТэговОбщимФормам	TemplateType	TextDocument	AddIn	no
Constant	ИспользоватьВерсионированиеОбъектов	Comment	Хранение значения функциональной опции	АПК:58 в имени используется сокращение	no
Constant	ОтправлятьПисьмаВФорматеHTML	DataLockControlMode	Managed	Automatic	no
Constant	РазрешенныеНеаккредитованныеУЦ	DefaultForm	CommonForm.РазрешенныеНеаккредитованныеУЦ	CommonForm.НастройкаКолонтитулов	no
Constant	ИспользоватьОптимизированнуюЗаписьСозданияАвтономногоРабочегоМеста	ExecuteAfterWriteDataHistoryVersionProcessing	false	true	no
Constant	ТипПодписиКриптографииПоУмолчанию	ExtendedEdit	false	true	no
Constant	СписокЗапрещенныхРасширенийОбластиДанных	FillChecking	DontCheck	ShowError	no
Constant	АдресаСерверовМетокВремени	MarkNegatives	false	true	no
Constant	ИзменятьЗаданияЗаднимЧислом	MultiLine	false	true	no
Constant	ИспользоватьДополнительныйЯзык2	PasswordMode	false	true	no
Constant	АдресДляВосстановленияПароляУчетнойЗаписи	UpdateDataHistoryImmediatelyAfterWrite	false	true	no
Constant	ИспользоватьКонтрольТарификации	UseStandardCommands	true	false	no
DataProcessor	ПервоеВнедрениеБСП	Comment	АПК:1332 АПК:1345 АПК:1348, АПК: 1443, АПК:1403 Для инструме	Для обновления следует поднять номер версии в функции Сведен	no
DataProcessor	ПереходНаВерсию312	DefaultForm	DataProcessor.ПереходНаВерсию312.Form.ОсновнаяФорма	DataProcessor._ДемоВводНаОснованииОприходованийТоваров.Form.	no
DataProcessor	ГрупповоеИзменениеРеквизитов	IncludeHelpInContents	true	false	no
DataProcessor	РегистрацияИзмененийДляОбменаДанными	UseStandardCommands	true	false	no
Document	ЭлектронноеПисьмоВходящее	Autonumbering	true	false	no
Document	СообщениеSMS	CheckUnique	true	false	yes
Document	_ДемоПоручениеЭкспедитору	DataLockControlMode	Managed	Automatic	no
Document	НазначениеОпросов	DefaultChoiceForm	Document.НазначениеОпросов.Form.ФормаВыбора	Document._ДемоОтпускаСотрудников.Form.ФормаСписка	no
Document	ТелефонныйЗвонок	DefaultListForm	Document.ТелефонныйЗвонок.Form.ФормаСписка	Document._ДемоЗаказПокупателя.Form.ФормаСписка	no
Document	_ДемоПеремещениеТоваров	DefaultObjectForm	Document._ДемоПеремещениеТоваров.Form.ФормаДокумента	Document._ДемоЗаказПокупателя.Form.ФормаДокумента	no
Document	ОтзывСогласияНаОбработкуПерсональныхДанных	ExecuteAfterWriteDataHistoryVersionProcessing	false	true	no
Document	_ДемоКорректировкаОстатковТоваровВМестахХранения	IncludeHelpInContents	false	true	no
Document	СогласиеНаОбработкуПерсональныхДанных	NumberAllowedLength	Variable	Fixed	yes
Document	ЭлектронноеПисьмоИсходящее	NumberPeriodicity	Year	Nonperiodical	yes
Document	_ДемоЗаказПокупателя	PostInPrivilegedMode	true	false	no
Document	_ДемоСчетФактураПолученный	Posting	Allow	Deny	yes
Document	Встреча	RealTimePosting	Deny	Allow	no
Document	_ДемоРеализацияТоваров	RegisterRecordsDeletion	AutoDeleteOnUnpost	AutoDelete	no
Document	_ДемоСписаниеТоваров	RegisterRecordsWritingOnPost	WriteSelected	WriteModified	no
Document	ЗапланированноеВзаимодействие	SequenceFilling	AutoFill	AutoFillOff	no
Document	_ДемоПоступлениеТоваров	UnpostInPrivilegedMode	true	false	no
Document	_ДемоСчетНаОплатуПокупателю	UpdateDataHistoryImmediatelyAfterWrite	false	true	no
Document	_ДемоСписаниеБезналичныхДенежныхСредств	UseStandardCommands	true	false	no
DocumentJournal	СогласияНаОбработкуПерсональныхДанных	DefaultForm	DocumentJournal.СогласияНаОбработкуПерсональныхДанных.Form.Ф	DocumentJournal._ДемоЖурналВсехДокументов.Form.ФормаСписка	no
DocumentJournal	Взаимодействия	IncludeHelpInContents	false	true	no
DocumentJournal	_ДемоЖурналВсехДокументов	UseStandardCommands	true	false	yes
Enum	ПриоритетыОбъектовОбмена	ChoiceHistoryOnInput	Auto	DontUse	no
Enum	ВидыПравилДляОбменаДанными	ChoiceMode	BothWays	QuickChoice	no
Enum	_ДемоХозяйственныеОперации	Comment	Пример использования подсистемы "Управление доступом", когда	Определяет значимость проблемы, выявленной при проверке	no
Enum	СостоянияБизнесПроцессов	QuickChoice	true	false	no
Enum	ЦветностиИзображения	UseStandardCommands	false	true	no
EventSubscription	ЗаполнитьНаборыЗначенийДоступаТабличныхЧастейДокументов	Comment	Подписка поставляется подсистемой Управление доступом для за	АПК:256 - обработчик в серверном модуле	no
ExchangePlan	_ДемоАвтономнаяРабота	DefaultObjectForm	ExchangePlan._ДемоАвтономнаяРабота.Form.ФормаУзла	ExchangePlan._ДемоОбменВРаспределеннойИнформационнойБазе.For	no
ExchangePlan	ОбновлениеИнформационнойБазы	DistributedInfoBase	false	true	no
ExchangePlan	_ДемоМобильныйКлиент	IncludeHelpInContents	false	true	no
ExchangePlan	МиграцияПриложений	QuickChoice	false	true	no
ExchangePlan	_ДемоОбменВРаспределеннойИнформационнойБазе	UseStandardCommands	false	true	no
FilterCriterion	СвязанныеДокументы	UseStandardCommands	false	true	no
FunctionalOption	_ДемоИспользоватьПодчиненныеБизнесПроцессыБСП	Comment	Для управления видимостью прикладных объектов конфигурации.	При изменении важности, крайнего срока, наименования и автор	no
FunctionalOption	ИспользоватьДатыЗапретаИзменения	Location	Constant.ИспользоватьДатыЗапретаИзменения	Constant.ИспользоватьРазделениеПоОбластямДанных	no
FunctionalOption	ЗарегистрированыИзмененияДанных	PrivilegedGetMode	true	false	no
InformationRegister	НастройкиТранспортаОбменаОбластейДанных	Comment	Хранит общие для всех областей данных настройки транспорта с	Версии классификаторов, которые используется в программе.	no
InformationRegister	ИерархияГруппПользователей	DataLockControlMode	Managed	Automatic	no
InformationRegister	БуферОперацийСтатистики	DefaultListForm	InformationRegister.БуферОперацийСтатистики.Form.ФормаСписка	InformationRegister._ДемоЗаведующиеМестамиХранения.Form.Форм	no
InformationRegister	ВерсииКлассификаторов	DefaultRecordForm	InformationRegister.ВерсииКлассификаторов.Form.ФормаЗаписи	InformationRegister._ДемоЗаведующиеМестамиХранения.Form.Форм	no
InformationRegister	КлючиДоступаГруппДоступа	EditType	InDialog	InList	no
InformationRegister	ПараметрыРаботыВерсийРасширений	EnableTotalsSliceFirst	false	true	no
InformationRegister	КэшПереводов	EnableTotalsSliceLast	false	true	no
InformationRegister	НапоминанияПользователя	ExecuteAfterWriteDataHistoryVersionProcessing	false	true	no
InformationRegister	ПсевдонимыПредопределенныхУзлов	FullTextSearch	DontUse	Use	no
InformationRegister	ВерсииКлассификаторовОбластейДанных	IncludeHelpInContents	false	true	no
InformationRegister	КонтурСинхронизации	InformationRegisterPeriodicity	Nonperiodical	Second	yes
InformationRegister	СертификатыПользователяDSS	MainFilterOnPeriod	false	true	no
InformationRegister	ИсполнителиЗадач	UpdateDataHistoryImmediatelyAfterWrite	false	true	no
InformationRegister	ДомаЗданияСтроения	UseStandardCommands	true	false	no
Report	_ДемоОтчетПоСчетамНаОплатуКонтекстный	Comment	Для обновления следует поднять номер версии в функции Сведен	АПК:277, АПК:278, АПК: 1443, АПК:1403 Для инструментов разра	no
Report	АнализОпроса	DefaultForm	Report.АнализОпроса.Form.ФормаОтчета	CommonForm.ФормаОтчета	no
Report	ИзменениеРазрешенныхЗначенийГруппДоступа	DefaultSettingsForm	CommonForm.ФормаНастроекОтчета	Report.ИсторияРазмераПриложения.Form.ФормаНастроек	no
Report	_ДемоОтчетПоСчетамНаОплатуГлобальный	IncludeHelpInContents	false	true	no
Report	ПроверкаЦелостностиТома	MainDataCompositionSchema	Report.ПроверкаЦелостностиТома.Template.ОсновнаяСхемаКомпоно	Report._ДемоДинамикаИзмененийФайлов.Template.ОсновнаяСхемаКо	no
Report	УниверсальныйОтчет	UseStandardCommands	true	false	no
Role	ПодключениеИнтернетПоддержки	Comment	Права для интерактивного подключения Интернет-поддержки поль	Роль для демо-объектов БСП, доступ к которым требуется всем 	no
ScheduledJob	ЗаполнениеПараметровРаботыРасширений	Comment	АПК:319 - №402 Расписание каждые 15 сек допустимо, так как з	Запрашивает у МС лицензии уникальных услуг вместе с их привя	no
ScheduledJob	ОбработкаОповещенийПользователей	Description	Обработка оповещений пользователей	Запуск дополнительных обработок	yes
ScheduledJob	СборИОтправкаОтчетовОбОшибках	Key	584cfc82-81d9-4696-8afa-1189f883fcd0	1	yes
ScheduledJob	ОчисткаУстаревшихВерсийОбъектов	Predefined	true	false	yes
ScheduledJob	УдалитьОбработкаОчередиЗаданийБТС	Use	false	true	yes
SessionParameter	ОбластьДанныхЗначение	Comment	ОбластьДанных Значение	Дата на которую повторно-используемые значения механизма рег	no
StyleItem	РольБезИсполнителей	Comment	Роль исполнителей задач, на которую не назначено ни одного и	Оформление справочного текста в форме	no
Subsystem	ПодключаемыеОтчетыИОбработки	Comment	Служебная переопределяемая подсистема. В состав включаются о	АПК:277, АПК:278, АПК: 1443 Для инструментов разработчика до	no
Subsystem	_ДемоСинхронизацияДанных	IncludeHelpInContents	true	false	no
Subsystem	_ДемоНачальнаяСтраница	IncludeInCommandInterface	false	true	no
Subsystem	СтандартныеПодсистемы	UseOneCommand	false	true	no
Task	ЗадачаИсполнителя	UseStandardCommands	false	true	no
